{
	"$schema": "https://schemas.wp.org/trunk/theme.json",
	"version": 2,
	"title": "Figtree",
	"settings": {
		"typography": {
			"fontSizes": [
				{
					"name": "Small",
					"size": "16px",
					"slug": "small"
				},
				{
					"name": "Medium",
					"size": "17px",
					"slug": "medium",
					"fluid": {
						"min": "15px",
						"max": "17px"
					}
				},
				{
					"name": "Large",
					"size": "40px",
					"slug": "large"
				},
				{
					"name": "Extra Large",
					"size": "60px",
					"slug": "x-large"
				},
				{
					"name": "2X Large",
					"size": "86px",
					"slug": "xx-large"
				}
			]
		}
	},
	"styles": {
		"blocks": {
			"core/site-title": {
				"typography": {
					"fontSize": "22px",
					"fontWeight": "800",
					"fontStyle": "italic"
				}
			},
			"core/navigation": {
				"typography": {
					"fontSize": "22px",
					"fontWeight": "800",
					"fontStyle": "italic"
				}
			}
		},
		"elements": {
			"button": {
				"typography": {
					"fontSize": "16px",
					"fontWeight": "900",
					"fontStyle": "italic"
				}
			},
			"heading": {
				"typography": {
					"fontFamily": "var(--wp--preset--font-family--figtree)",
					"fontWeight": "900",
					"fontStyle": "italic"
				}
			},
			"h1": {
				"typography": {
					"lineHeight": "0.9"
				}
			},
			"h2": {
				"typography": {
					"lineHeight": "0.9"
				}
			}
		},
		"typography": {
			"fontFamily": "var(--wp--preset--font-family--figtree)",
			"fontWeight": "400",
			"lineHeight": "1.5",
			"fontSize": "var(--wp--preset--font-size--medium)"
		}
	}
}
