{
	"$schema": "https://schemas.wp.org/trunk/theme.json",
	"version": 2,
	"title": "Instrument Serif & Noto Sans Mono",
	"settings": {
		"typography": {
			"fontSizes": [
				{
					"name": "Small",
					"size": "12px",
					"slug": "small"
				},
				{
					"name": "Medium",
					"size": "22px",
					"slug": "medium"
				},
				{
					"name": "Large",
					"size": "42px",
					"slug": "large"
				},
				{
					"name": "Extra Large",
					"size": "68px",
					"slug": "x-large",
					"fluid": {
						"min": "28px",
						"max": "68px"
					}
				},
				{
					"name": "2X Large",
					"size": "100px",
					"slug": "xx-large",
					"fluid": {
						"min": "40px",
						"max": "100px"
					}
				}
			]
		}
	},
	"styles": {
		"blocks": {
			"core/site-title": {
				"typography": {
					"fontFamily": "var(--wp--preset--font-family--noto-sans-mono)",
					"fontWeight": "400",
					"fontSize": "14px",
					"textTransform": "uppercase"
				}
			},
			"core/navigation": {
				"typography": {
					"fontFamily": "var(--wp--preset--font-family--noto-sans-mono)",
					"fontWeight": "400",
					"textTransform": "uppercase",
					"fontSize": "14px"
				}
			}
		},
		"elements": {
			"button": {
				"typography": {
					"fontFamily": { "ref": "styles.typography.fontFamily" },
					"fontSize": { "ref": "styles.typography.fontSize" },
					"fontWeight": "400",
					"textTransform": "uppercase"
				}
			},
			"h1": {
				"typography": {
					"fontFamily": "var(--wp--preset--font-family--instrument-serif)",
					"fontSize": "160px",
					"lineHeight": "0.8"
				}
			},
			"h2": {
				"typography": {
					"fontFamily": "var(--wp--preset--font-family--instrument-serif)",
					"lineHeight": "1.1"
				}
			},
			"h3": {
				"typography": {
					"fontFamily": "var(--wp--preset--font-family--instrument-serif)",
					"lineHeight": "1.1"
				}
			},
			"h4": {
				"typography": {
					"fontFamily": "var(--wp--preset--font-family--instrument-serif)",
					"lineHeight": "1.1"
				}
			},
			"heading": {
				"typography": {
					"fontFamily": "var(--wp--preset--font-family--noto-sans-mono)",
					"fontWeight": "400",
					"lineHeight": "0.8",
					"letterSpacing": "-0.005em"
				}
			}
		},
		"typography": {
			"fontFamily": "var(--wp--preset--font-family--noto-sans-mono)",
			"fontSize": "13px",
			"fontStyle": "normal",
			"textTransform": "uppercase",
			"fontWeight": "400",
			"lineHeight": "1.85"
		}
	}
}
