{
	"$schema": "https://schemas.wp.org/trunk/theme.json",
	"version": 2,
	"title": "Rufina & PT Serif",
	"settings": {
		"typography": {
			"fontSizes": [
				{
					"name": "Small",
					"size": "14px",
					"slug": "small"
				},
				{
					"name": "Medium",
					"size": "17px",
					"slug": "medium",
					"fluid": {
						"min": "15px",
						"max": "17px"
					}
				},
				{
					"name": "Large",
					"size": "40px",
					"slug": "large"
				},
				{
					"name": "Extra Large",
					"size": "60px",
					"slug": "x-large"
				},
				{
					"name": "2X Large",
					"size": "86px",
					"slug": "xx-large"
				}
			]
		}
	},
	"styles": {
		"blocks": {
			"core/site-title": {
				"typography": {
					"fontSize": "20px",
					"fontWeight": "300"
				}
			},
			"core/navigation": {
				"typography": {
					"fontSize": "13px",
					"fontWeight": "400",
					"fontFamily": "var(--wp--preset--font-family--inter)",
					"textTransform": "uppercase",
					"letterSpacing": "1px"
				}
			}
		},
		"elements": {
			"button": {
				"typography": {
					"fontSize": "13px",
					"fontWeight": "400",
					"fontFamily": "var(--wp--preset--font-family--inter)",
					"textTransform": "uppercase",
					"letterSpacing": "1px"
				}
			},
			"heading": {
				"typography": {
					"fontFamily": "var(--wp--preset--font-family--rufina)",
					"fontWeight": "100"
				}
			},
			"h1": {
				"typography": {
					"lineHeight": "1"
				}
			},
			"h2": {
				"typography": {
					"lineHeight": "1"
				}
			},
			"h3": {
				"typography": {
					"fontWeight": "300"
				}
			}
		},
		"typography": {
			"fontFamily": "var(--wp--preset--font-family--pt-serif)",
			"fontWeight": "200",
			"lineHeight": "1.6",
			"fontSize": "var(--wp--preset--font-size--medium)"
		}
	}
}
