{
    "$schema": "https://schemas.wp.org/trunk/theme.json",
    "version": 3,
    "slug": "section-1",
    "title": "Style 1",
    "blockTypes": [
        "core/group",
        "core/columns",
        "core/column"
    ],
    "styles": {
        "color": {
            "background": "var(--wp--preset--color--theme-2)",
            "text": "var(--wp--preset--color--theme-5)"
        },
        "blocks": {
            "core/paragraph": {
                "elements": {
                    "link": {
                        "color": {
                            "text": "var(--wp--preset--color--theme-5)"
                        }
                    }
                }
            },
            "core/separator": {
                "color": {
                    "background": "var(--wp--preset--color--theme-5)",
                    "text": "var(--wp--preset--color--theme-5)"
                }
            }
        },
        "elements": {
            "button": {
                "color": {
                    "background": "var(--wp--preset--color--theme-4)",
                    "text": "var(--wp--preset--color--theme-1)"
                },
                ":hover": {
                    "color": {
                        "background": "var(--wp--preset--color--theme-5)",
                        "text": "var(--wp--preset--color--theme-1)"
                    }
                }
            },
            "heading": {
                "color": {
                    "text": "var(--wp--preset--color--theme-5)"
                }
            },
            "link": {
                "color": {
                    "text": "var(--wp--preset--color--theme-5)"
                }
            }
        }
    }
}