{
    "$schema": "https://schemas.wp.org/trunk/theme.json",
    "version": 3,
    "title": "Dew",
    "categories": [
        "earthy",
        "sophisticated",
        "natural",
        "organic",
        "wellness",
        "health",
        "garden"
    ],
    "settings": {
        "color": {
            "palette": [
                {
                    "color": "#FBF9F0",
                    "name": "Color 1",
                    "slug": "theme-1"
                },
                {
                    "color": "#DBE2DC",
                    "name": "Color 2",
                    "slug": "theme-2"
                },
                {
                    "color": "#FBEF3B",
                    "name": "Color 3",
                    "slug": "theme-3"
                },
                {
                    "color": "#103b15",
                    "name": "Color 4",
                    "slug": "theme-4"
                },
                {
                    "color": "#1d0b0d",
                    "name": "Color 5",
                    "slug": "theme-5"
                }
            ],
            "duotone": [
                {
                    "colors": [
                        "#103B15",
                        "#FBEF3B"
                    ],
                    "slug": "duotone-1",
                    "name": "Duotone 1"
                },
                {
                    "colors": [
                        "#103B15",
                        "#FBF9F0"
                    ],
                    "slug": "duotone-2",
                    "name": "Duotone 2"
                }
            ],
            "gradients": [
                {
                    "slug": "gradient-text-transparent",
                    "gradient": "linear-gradient(to bottom, var(--wp--preset--color--theme-5) -50%, transparent 50%)",
                    "name": "Text to Transparent"
                },
                {
                    "slug": "gradient-1-2",
                    "gradient": "linear-gradient(to bottom, var(--wp--preset--color--theme-1) 0%, var(--wp--preset--color--theme-2) 100%)",
                    "name": "Gradient 1"
                },
                {
                    "slug": "gradient-1-3",
                    "gradient": "linear-gradient(to bottom, var(--wp--preset--color--theme-1) 0%, var(--wp--preset--color--theme-3) 100%)",
                    "name": "Gradient 2"
                },
                {
                    "slug": "gradient-1-4",
                    "gradient": "linear-gradient(to bottom, var(--wp--preset--color--theme-1) 0%, var(--wp--preset--color--theme-4) 100%)",
                    "name": "Gradient 3"
                },
                {
                    "slug": "gradient-1-5",
                    "gradient": "linear-gradient(to bottom, var(--wp--preset--color--theme-1) 0%, var(--wp--preset--color--theme-5) 100%)",
                    "name": "Gradient 4"
                },
                {
                    "slug": "gradient-2-3",
                    "gradient": "linear-gradient(to bottom, var(--wp--preset--color--theme-2) 0%, var(--wp--preset--color--theme-3) 100%)",
                    "name": "Gradient 5"
                },
                {
                    "slug": "gradient-2-4",
                    "gradient": "linear-gradient(to bottom, var(--wp--preset--color--theme-2) 0%, var(--wp--preset--color--theme-4) 100%)",
                    "name": "Gradient 6"
                },
                {
                    "slug": "gradient-2-5",
                    "gradient": "linear-gradient(to bottom, var(--wp--preset--color--theme-2) 0%, var(--wp--preset--color--theme-5) 100%)",
                    "name": "Gradient 7"
                },
                {
                    "slug": "gradient-3-4",
                    "gradient": "linear-gradient(to bottom, var(--wp--preset--color--theme-3) 0%, var(--wp--preset--color--theme-4) 100%)",
                    "name": "Gradient 8"
                },
                {
                    "slug": "gradient-3-5",
                    "gradient": "linear-gradient(to bottom, var(--wp--preset--color--theme-3) 0%, var(--wp--preset--color--theme-5) 100%)",
                    "name": "Gradient 9"
                },
                {
                    "slug": "gradient-4-5",
                    "gradient": "linear-gradient(to bottom, var(--wp--preset--color--theme-4) 0%, var(--wp--preset--color--theme-5) 100%)",
                    "name": "Gradient 10"
                }
            ]
        }
    },
    "styles": {
        "color": {
            "background": "var(--wp--preset--color--theme-1)",
            "text": "var(--wp--preset--color--theme-5)"
        },
        "blocks": {
            "core/separator": {
                "color": {
                    "background": "var(--wp--preset--color--theme-2)",
                    "text": "var(--wp--preset--color--theme-2)"
                }
            }
        },
        "elements": {
            "button": {
                "color": {
                    "background": "var(--wp--preset--color--theme-3)",
                    "text": "var(--wp--preset--color--theme-4)"
                },
                ":hover": {
                    "color": {
                        "background": "var(--wp--preset--color--theme-4)",
                        "text": "var(--wp--preset--color--theme-3)"
                    }
                }
            },
            "link": {
                "color": {
                    "text": {
                        "ref": "styles.color.text"
                    }
                }
            },
            "heading": {
                "color": {
                    "text": "var(--wp--preset--color--theme-5)"
                }
            }
        },
        "variations": {
            "section-1": {
                "color": {
                    "background": "var(--wp--preset--color--theme-2)",
                    "text": "var(--wp--preset--color--theme-4)"
                },
                "blocks": {
                    "core/paragraph": {
                        "elements": {
                            "link": {
                                "color": {
                                    "text": "var(--wp--preset--color--theme-4)"
                                }
                            }
                        }
                    },
                    "core/separator": {
                        "color": {
                            "background": "#103B1512",
                            "text": "#103B1512"
                        }
                    }
                },
                "elements": {
                    "link": {
                        "color": {
                            "text": "var(--wp--preset--color--theme-4)"
                        }
                    },
                    "button": {
                        "color": {
                            "background": "var(--wp--preset--color--theme-3)",
                            "text": "var(--wp--preset--color--theme-4)"
                        },
                        ":hover": {
                            "color": {
                                "background": "var(--wp--preset--color--theme-4)",
                                "text": "var(--wp--preset--color--theme-3)"
                            }
                        }
                    },
                    "heading": {
                        "color": {
                            "text": "var(--wp--preset--color--theme-4)"
                        }
                    }
                }
            },
            "section-2": {
                "color": {
                    "background": "var(--wp--preset--color--theme-4)",
                    "text": "var(--wp--preset--color--theme-2)"
                },
                "blocks": {
                    "core/paragraph": {
                        "elements": {
                            "link": {
                                "color": {
                                    "text": "var(--wp--preset--color--theme-2)"
                                }
                            }
                        }
                    },
                    "core/separator": {
                        "color": {
                            "background": "#FFFFFF1A",
                            "text": "#FFFFFF1A"
                        }
                    }
                },
                "elements": {
                    "link": {
                        "color": {
                            "text": "var(--wp--preset--color--theme-1)"
                        }
                    },
                    "caption": {
                        "color": {
                            "text": "var(--wp--preset--color--theme-2)"
                        }
                    },
                    "button": {
                        "color": {
                            "background": "var(--wp--preset--color--theme-3)",
                            "text": "var(--wp--preset--color--theme-4)"
                        },
                        ":hover": {
                            "color": {
                                "background": "var(--wp--preset--color--theme-1)",
                                "text": "var(--wp--preset--color--theme-4)"
                            }
                        }
                    },
                    "heading": {
                        "color": {
                            "text": "var(--wp--preset--color--theme-1)"
                        }
                    }
                }
            },
            "section-3": {
                "color": {
                    "background": "var(--wp--preset--color--theme-5)",
                    "text": "var(--wp--preset--color--theme-2)"
                },
                "blocks": {
                    "core/paragraph": {
                        "elements": {
                            "link": {
                                "color": {
                                    "text": "var(--wp--preset--color--theme-2)"
                                }
                            }
                        }
                    },
                    "core/separator": {
                        "color": {
                            "background": "#FFFFFF1A",
                            "text": "#FFFFFF1A"
                        }
                    }
                },
                "elements": {
                    "link": {
                        "color": {
                            "text": "var(--wp--preset--color--theme-1)"
                        }
                    },
                    "caption": {
                        "color": {
                            "text": "var(--wp--preset--color--theme-2)"
                        }
                    },
                    "button": {
                        "color": {
                            "background": "var(--wp--preset--color--theme-3)",
                            "text": "var(--wp--preset--color--theme-4)"
                        },
                        ":hover": {
                            "color": {
                                "background": "var(--wp--preset--color--theme-1)",
                                "text": "var(--wp--preset--color--theme-4)"
                            }
                        }
                    },
                    "heading": {
                        "color": {
                            "text": "var(--wp--preset--color--theme-1)"
                        }
                    }
                }
            }
        }
    }
}
