{
    "$schema": "https://schemas.wp.org/trunk/theme.json",
    "version": 3,
    "title": "Sapphire",
    "categories": [
        "professional",
        "vibrant",
        "sleek",
        "modern",
        "dynamic"
    ],
    "settings": {
        "color": {
            "palette": [
                {
                    "color": "#0948C6",
                    "name": "Color 1",
                    "slug": "theme-1"
                },
                {
                    "color": "#013CB0",
                    "name": "Color 4",
                    "slug": "theme-4"
                },
                {
                    "color": "#BAC0CB",
                    "name": "Color 6",
                    "slug": "theme-6"
                },
                {
                    "color": "#F3F2F9",
                    "name": "Color 2",
                    "slug": "theme-2"
                },
                {
                    "color": "#FFFFFF",
                    "name": "Color 1",
                    "slug": "theme-3"
                },
                {
                    "color": "#000000",
                    "name": "Color 5",
                    "slug": "theme-5"
                }
            ],
            "duotone": [
                {
                    "colors": [
                        "#013CB0",
                        "#F3F2F9"
                    ],
                    "slug": "duotone-1",
                    "name": "Duotone 1"
                },
                {
                    "colors": [
                        "#000000",
                        "#0948C6"
                    ],
                    "slug": "duotone-2",
                    "name": "Duotone 2"
                }
            ],
            "gradients": [
                {
                    "slug": "gradient-text-transparent",
                    "gradient": "linear-gradient(to bottom, var(--wp--preset--color--theme-2) -50%, transparent 50%)",
                    "name": "Text to Transparent"
                },
                {
                    "slug": "gradient-1-2",
                    "gradient": "linear-gradient(to bottom, var(--wp--preset--color--theme-1) 0%, var(--wp--preset--color--theme-4) 100%)",
                    "name": "Gradient 1"
                },
                {
                    "slug": "gradient-1-3",
                    "gradient": "linear-gradient(to bottom, var(--wp--preset--color--theme-1) 0%, var(--wp--preset--color--theme-6) 100%)",
                    "name": "Gradient 2"
                },
                {
                    "slug": "gradient-1-4",
                    "gradient": "linear-gradient(to bottom, var(--wp--preset--color--theme-1) 0%, var(--wp--preset--color--theme-2) 100%)",
                    "name": "Gradient 3"
                },
                {
                    "slug": "gradient-1-5",
                    "gradient": "linear-gradient(to bottom, var(--wp--preset--color--theme-1) 0%, var(--wp--preset--color--theme-3) 100%)",
                    "name": "Gradient 4"
                },
                {
                    "slug": "gradient-1-6",
                    "gradient": "linear-gradient(to bottom, var(--wp--preset--color--theme-1) 0%, var(--wp--preset--color--theme-5) 100%)",
                    "name": "Gradient 5"
                },
                {
                    "slug": "gradient-2-3",
                    "gradient": "linear-gradient(to bottom, var(--wp--preset--color--theme-4) 0%, var(--wp--preset--color--theme-6) 100%)",
                    "name": "Gradient 6"
                },
                {
                    "slug": "gradient-2-4",
                    "gradient": "linear-gradient(to bottom, var(--wp--preset--color--theme-4) 0%, var(--wp--preset--color--theme-2) 100%)",
                    "name": "Gradient 7"
                },
                {
                    "slug": "gradient-2-5",
                    "gradient": "linear-gradient(to bottom, var(--wp--preset--color--theme-4) 0%, var(--wp--preset--color--theme-3) 100%)",
                    "name": "Gradient 8"
                },
                {
                    "slug": "gradient-2-6",
                    "gradient": "linear-gradient(to bottom, var(--wp--preset--color--theme-4) 0%, var(--wp--preset--color--theme-5) 100%)",
                    "name": "Gradient 9"
                },
                {
                    "slug": "gradient-3-4",
                    "gradient": "linear-gradient(to bottom, var(--wp--preset--color--theme-6) 0%, var(--wp--preset--color--theme-2) 100%)",
                    "name": "Gradient 10"
                },
                {
                    "slug": "gradient-3-5",
                    "gradient": "linear-gradient(to bottom, var(--wp--preset--color--theme-6) 0%, var(--wp--preset--color--theme-3) 100%)",
                    "name": "Gradient 11"
                },
                {
                    "slug": "gradient-3-6",
                    "gradient": "linear-gradient(to bottom, var(--wp--preset--color--theme-6) 0%, var(--wp--preset--color--theme-5) 100%)",
                    "name": "Gradient 12"
                },
                {
                    "slug": "gradient-4-5",
                    "gradient": "linear-gradient(to bottom, var(--wp--preset--color--theme-2) 0%, var(--wp--preset--color--theme-3) 100%)",
                    "name": "Gradient 13"
                },
                {
                    "slug": "gradient-4-6",
                    "gradient": "linear-gradient(to bottom, var(--wp--preset--color--theme-2) 0%, var(--wp--preset--color--theme-5) 100%)",
                    "name": "Gradient 14"
                },
                {
                    "slug": "gradient-5-6",
                    "gradient": "linear-gradient(to bottom, var(--wp--preset--color--theme-3) 0%, var(--wp--preset--color--theme-5) 100%)",
                    "name": "Gradient 15"
                }
            ]
        }
    },
    "styles": {
        "color": {
            "background": "var(--wp--preset--color--theme-4)",
            "text": "var(--wp--preset--color--theme-2)"
        },
        "blocks": {
            "core/separator": {
                "color": {
                    "background": "var(--wp--preset--color--theme-2)",
                    "text": "var(--wp--preset--color--theme-2)"
                }
            },
            "core/cover": {
                "color": {
                    "text": "var(--wp--preset--color--theme-3)"
                },
                "elements": {
                    "button": {
                        "color": {
                            "background": "var(--wp--preset--color--theme-4)",
                            "text": "var(--wp--preset--color--theme-2)"
                        },
                        ":hover": {
                            "color": {
                                "background": "var(--wp--preset--color--theme-1)",
                                "text": "var(--wp--preset--color--theme-2)"
                            }
                        }
                    },
                    "heading": {
                        "color": {
                            "text": "var(--wp--preset--color--theme-3)"
                        }
                    }
                }
            }
        },
        "elements": {
            "button": {
                "color": {
                    "background": "var(--wp--preset--color--theme-2)",
                    "text": "var(--wp--preset--color--theme-4)"
                },
                ":hover": {
                    "color": {
                        "background": "var(--wp--preset--color--theme-3)",
                        "text": "var(--wp--preset--color--theme-4)"
                    }
                }
            },
            "link": {
                "color": {
                    "text": {
                        "ref": "styles.color.text"
                    }
                }
            }
        },
        "variations": {
            "section-1": {
                "color": {
                    "background": "var(--wp--preset--color--theme-2)",
                    "text": "var(--wp--preset--color--theme-4)"
                },
                "blocks": {
                    "core/paragraph": {
                        "elements": {
                            "link": {
                                "color": {
                                    "text": "var(--wp--preset--color--theme-4)"
                                }
                            }
                        }
                    },
                    "core/separator": {
                        "color": {
                            "background": "var(--wp--preset--color--theme-4)",
                            "text": "var(--wp--preset--color--theme-4)"
                        }
                    }
                },
                "elements": {
                    "link": {
                        "color": {
                            "text": "var(--wp--preset--color--theme-4)"
                        }
                    },
                    "button": {
                        "color": {
                            "background": "var(--wp--preset--color--theme-4)",
                            "text": "var(--wp--preset--color--theme-2)"
                        },
                        ":hover": {
                            "color": {
                                "background": "var(--wp--preset--color--theme-1)",
                                "text": "var(--wp--preset--color--theme-2)"
                            }
                        }
                    },
                    "heading": {
                        "color": {
                            "text": "var(--wp--preset--color--theme-4)"
                        }
                    }
                }
            },
            "section-2": {
                "color": {
                    "background": "var(--wp--preset--color--theme-6)",
                    "text": "var(--wp--preset--color--theme-4)"
                },
                "blocks": {
                    "core/paragraph": {
                        "elements": {
                            "link": {
                                "color": {
                                    "text": "var(--wp--preset--color--theme-4)"
                                }
                            }
                        }
                    },
                    "core/separator": {
                        "color": {
                            "background": "var(--wp--preset--color--theme-4)",
                            "text": "var(--wp--preset--color--theme-4)"
                        }
                    }
                },
                "elements": {
                    "link": {
                        "color": {
                            "text": "var(--wp--preset--color--theme-4)"
                        }
                    },
                    "button": {
                        "color": {
                            "background": "var(--wp--preset--color--theme-4)",
                            "text": "var(--wp--preset--color--theme-2)"
                        },
                        ":hover": {
                            "color": {
                                "background": "var(--wp--preset--color--theme-1)",
                                "text": "var(--wp--preset--color--theme-2)"
                            }
                        }
                    },
                    "heading": {
                        "color": {
                            "text": "var(--wp--preset--color--theme-4)"
                        }
                    }
                }
            },
            "section-3": {
                "color": {
                    "background": "var(--wp--preset--color--theme-5)",
                    "text": "var(--wp--preset--color--theme-6)"
                },
                "blocks": {
                    "core/paragraph": {
                        "elements": {
                            "link": {
                                "color": {
                                    "text": "var(--wp--preset--color--theme-6)"
                                }
                            }
                        }
                    },
                    "core/separator": {
                        "color": {
                            "background": "var(--wp--preset--color--theme-6)",
                            "text": "var(--wp--preset--color--theme-6)"
                        }
                    }
                },
                "elements": {
                    "link": {
                        "color": {
                            "text": "var(--wp--preset--color--theme-2)"
                        }
                    },
                    "button": {
                        "color": {
                            "background": "var(--wp--preset--color--theme-4)",
                            "text": "var(--wp--preset--color--theme-2)"
                        },
                        ":hover": {
                            "color": {
                                "background": "var(--wp--preset--color--theme-1)",
                                "text": "var(--wp--preset--color--theme-2)"
                            }
                        }
                    },
                    "heading": {
                        "color": {
                            "text": "var(--wp--preset--color--theme-2)"
                        }
                    }
                }
            }
        }
    }
}
