{
    "$schema": "https://schemas.wp.org/trunk/theme.json",
    "version": 3,
    "title": "Onyx",
    "categories": [
        "dark",
        "modern",
        "luxury",
        "sleek",
        "portfolio",
        "stylish"
    ],
    "settings": {
        "color": {
            "palette": [
                {
                    "color": "#070707",
                    "name": "Color 6",
                    "slug": "theme-6"
                },
                {
                    "color": "#0D0D0D",
                    "name": "Color 1",
                    "slug": "theme-1"
                },
                {
                    "color": "#D9D7C7",
                    "name": "Color 5",
                    "slug": "theme-5"
                },
                {
                    "color": "#E9E8E1",
                    "name": "Color 4",
                    "slug": "theme-4"
                },
                {
                    "color": "#F8F8F7",
                    "name": "Color 3",
                    "slug": "theme-3"
                }
            ],
            "duotone": [
                {
                    "colors": [
                        "#070707",
                        "#E9E8E1"
                    ],
                    "slug": "duotone-1",
                    "name": "Duotone 1"
                },
                {
                    "colors": [
                        "#070707",
                        "#D9D7C7"
                    ],
                    "slug": "duotone-2",
                    "name": "Duotone 2"
                }
            ],
            "gradients": [
                {
                    "slug": "gradient-text-transparent",
                    "gradient": "linear-gradient(to bottom, var(--wp--preset--color--theme-5) -50%, transparent 50%)",
                    "name": "Text to Transparent"
                },
                {
                    "slug": "gradient-1-2",
                    "gradient": "linear-gradient(to bottom, var(--wp--preset--color--theme-6) 0%, var(--wp--preset--color--theme-1) 100%)",
                    "name": "Gradient 1"
                },
                {
                    "slug": "gradient-1-3",
                    "gradient": "linear-gradient(to bottom, var(--wp--preset--color--theme-6) 0%, var(--wp--preset--color--theme-5) 100%)",
                    "name": "Gradient 2"
                },
                {
                    "slug": "gradient-1-4",
                    "gradient": "linear-gradient(to bottom, var(--wp--preset--color--theme-6) 0%, var(--wp--preset--color--theme-4) 100%)",
                    "name": "Gradient 3"
                },
                {
                    "slug": "gradient-1-5",
                    "gradient": "linear-gradient(to bottom, var(--wp--preset--color--theme-6) 0%, var(--wp--preset--color--theme-3) 100%)",
                    "name": "Gradient 4"
                },
                {
                    "slug": "gradient-2-3",
                    "gradient": "linear-gradient(to bottom, var(--wp--preset--color--theme-1) 0%, var(--wp--preset--color--theme-5) 100%)",
                    "name": "Gradient 5"
                },
                {
                    "slug": "gradient-2-4",
                    "gradient": "linear-gradient(to bottom, var(--wp--preset--color--theme-1) 0%, var(--wp--preset--color--theme-4) 100%)",
                    "name": "Gradient 6"
                },
                {
                    "slug": "gradient-2-5",
                    "gradient": "linear-gradient(to bottom, var(--wp--preset--color--theme-1) 0%, var(--wp--preset--color--theme-3) 100%)",
                    "name": "Gradient 7"
                },
                {
                    "slug": "gradient-3-4",
                    "gradient": "linear-gradient(to bottom, var(--wp--preset--color--theme-5) 0%, var(--wp--preset--color--theme-4) 100%)",
                    "name": "Gradient 8"
                },
                {
                    "slug": "gradient-3-5",
                    "gradient": "linear-gradient(to bottom, var(--wp--preset--color--theme-5) 0%, var(--wp--preset--color--theme-3) 100%)",
                    "name": "Gradient 9"
                },
                {
                    "slug": "gradient-4-5",
                    "gradient": "linear-gradient(to bottom, var(--wp--preset--color--theme-4) 0%, var(--wp--preset--color--theme-3) 100%)",
                    "name": "Gradient 10"
                }
            ]
        }
    },
    "styles": {
        "color": {
            "background": "var(--wp--preset--color--theme-1)",
            "text": "var(--wp--preset--color--theme-5)"
        },
        "blocks": {
            "core/separator": {
                "color": {
                    "text": "var(--wp--preset--color--theme-5)"
                }
            },
            "core/navigation": {
                "color": {
                    "text": "var(--wp--preset--color--theme-5)"
                }
            },
            "core/cover": {
                "color": {
                    "text": "var(--wp--preset--color--theme-4)"
                },
                "elements": {
                    "heading": {
                        "color": {
                            "text": "var(--wp--preset--color--theme-4)"
                        }
                    }
                }
            }
        },
        "elements": {
            "heading": {
                "color": {
                    "text": "var(--wp--preset--color--theme-5)"
                }
            },
            "link": {
                "color": {
                    "text": {
                        "ref": "styles.color.text"
                    }
                }
            },
            "button": {
                "color": {
                    "background": "var(--wp--preset--color--theme-5)",
                    "text": "var(--wp--preset--color--theme-1)"
                },
                ":hover": {
                    "color": {
                        "background": "var(--wp--preset--color--theme-4)",
                        "text": "var(--wp--preset--color--theme-1)"
                    }
                }
            },
            "caption": {
                "color": {
                    "text": "var(--wp--preset--color--theme-5)"
                }
            }
        },
        "variations": {
            "section-1": {
                "color": {
                    "background": "var(--wp--preset--color--theme-3)",
                    "text": "var(--wp--preset--color--theme-1)"
                },
                "blocks": {
                    "core/paragraph": {
                        "elements": {
                            "link": {
                                "color": {
                                    "text": "var(--wp--preset--color--theme-1)"
                                }
                            }
                        }
                    },
                    "core/separator": {
                        "color": {
                            "background": "var(--wp--preset--color--theme-1)",
                            "text": "var(--wp--preset--color--theme-1)"
                        }
                    }
                },
                "elements": {
                    "link": {
                        "color": {
                            "text": "var(--wp--preset--color--theme-1)"
                        }
                    },
                    "button": {
                        "color": {
                            "background": "var(--wp--preset--color--theme-1)",
                            "text": "var(--wp--preset--color--theme-5)"
                        },
                        ":hover": {
                            "color": {
                                "background": "var(--wp--preset--color--theme-6)",
                                "text": "var(--wp--preset--color--theme-3)"
                            }
                        }
                    },
                    "heading": {
                        "color": {
                            "text": "var(--wp--preset--color--theme-1)"
                        }
                    }
                }
            },
            "section-2": {
                "color": {
                    "background": "var(--wp--preset--color--theme-5)",
                    "text": "var(--wp--preset--color--theme-1)"
                },
                "blocks": {
                    "core/paragraph": {
                        "elements": {
                            "link": {
                                "color": {
                                    "text": "var(--wp--preset--color--theme-1)"
                                }
                            }
                        }
                    },
                    "core/separator": {
                        "color": {
                            "background": "var(--wp--preset--color--theme-1)",
                            "text": "var(--wp--preset--color--theme-1)"
                        }
                    }
                },
                "elements": {
                    "link": {
                        "color": {
                            "text": "var(--wp--preset--color--theme-1)"
                        }
                    },
                    "button": {
                        "color": {
                            "background": "var(--wp--preset--color--theme-1)",
                            "text": "var(--wp--preset--color--theme-5)"
                        },
                        ":hover": {
                            "color": {
                                "background": "var(--wp--preset--color--theme-6)",
                                "text": "var(--wp--preset--color--theme-3)"
                            }
                        }
                    },
                    "heading": {
                        "color": {
                            "text": "var(--wp--preset--color--theme-1)"
                        }
                    }
                }
            },
            "section-3": {
                "color": {
                    "background": "var(--wp--preset--color--theme-6)",
                    "text": "var(--wp--preset--color--theme-5)"
                },
                "blocks": {
                    "core/paragraph": {
                        "elements": {
                            "link": {
                                "color": {
                                    "text": "var(--wp--preset--color--theme-5)"
                                }
                            }
                        }
                    },
                    "core/separator": {
                        "color": {
                            "background": "var(--wp--preset--color--theme-5)",
                            "text": "var(--wp--preset--color--theme-5)"
                        }
                    }
                },
                "elements": {
                    "link": {
                        "color": {
                            "text": "var(--wp--preset--color--theme-5)"
                        }
                    },
                    "button": {
                        "color": {
                            "background": "var(--wp--preset--color--theme-5)",
                            "text": "var(--wp--preset--color--theme-1)"
                        },
                        ":hover": {
                            "color": {
                                "background": "var(--wp--preset--color--theme-4)",
                                "text": "var(--wp--preset--color--theme-1)"
                            }
                        }
                    },
                    "heading": {
                        "color": {
                            "text": "var(--wp--preset--color--theme-5)"
                        }
                    }
                }
            }
        }
    }
}
